[
   {
      "type": 1,
      "name": "Foundation",
      "link": "/faundation",
      "price": "300 000 so'm",
      "icon": "M3 3h18a1 1 0 0 1 1 1v16a1 1 0 0 1-1 1H3a1 1 0 0 1-1-1V4a1 1 0 0 1 1-1zm1 2v14h16V5H4zm8 10h6v2h-6v-2zm-3.333-3L5.838 9.172l1.415-1.415L11.495 12l-4.242 4.243-1.415-1.415L8.667 12z",
      "description": "FrontEnd разработчик создает видимую для пользователя часть веб-страницы, реализовать пользовательскую логику.пользователя часть веб-страницы, реализовать пользовательскую логику.",
      "frameworks": [
         {
            "id": 1,
            "name": "html",
            "icon": "M12 18.178l4.62-1.256.623-6.778H9.026L8.822 7.89h8.626l.227-2.211H6.325l.636 6.678h7.82l-.261 2.866-2.52.667-2.52-.667-.158-1.844h-2.27l.329 3.544L12 18.178zM3 2h18l-1.623 18L12 22l-7.377-2L3 2z"
         },
         {
            "id": 2,
            "name": "html",
            "icon": "M12 18.178l4.62-1.256.623-6.778H9.026L8.822 7.89h8.626l.227-2.211H6.325l.636 6.678h7.82l-.261 2.866-2.52.667-2.52-.667-.158-1.844h-2.27l.329 3.544L12 18.178zM3 2h18l-1.623 18L12 22l-7.377-2L3 2z"
         },
         {
            "id": 3,
            "name": "html",
            "icon": "M12 18.178l4.62-1.256.623-6.778H9.026L8.822 7.89h8.626l.227-2.211H6.325l.636 6.678h7.82l-.261 2.866-2.52.667-2.52-.667-.158-1.844h-2.27l.329 3.544L12 18.178zM3 2h18l-1.623 18L12 22l-7.377-2L3 2z"
         }
      ]
   },
   {
      "type": 2,
      "name": "Front-End",
      "link": "/frontend",
      "price": "400 000 so'm",
      "icon": "M3 3h18a1 1 0 0 1 1 1v16a1 1 0 0 1-1 1H3a1 1 0 0 1-1-1V4a1 1 0 0 1 1-1zm1 2v14h16V5H4zm8 10h6v2h-6v-2zm-3.333-3L5.838 9.172l1.415-1.415L11.495 12l-4.242 4.243-1.415-1.415L8.667 12z",
      "description": "FrontEnd разработчик создает видимую для пользователя часть веб-страницы, реализовать пользовательскую логику.пользователя часть веб-страницы, реализовать пользовательскую логику.",
      "frameworks": [
         {
            "id": 1,
            "name": "html",
            "icon": "M12 18.178l4.62-1.256.623-6.778H9.026L8.822 7.89h8.626l.227-2.211H6.325l.636 6.678h7.82l-.261 2.866-2.52.667-2.52-.667-.158-1.844h-2.27l.329 3.544L12 18.178zM3 2h18l-1.623 18L12 22l-7.377-2L3 2z"
         },
         {
            "id": 2,
            "name": "html",
            "icon": "M12 18.178l4.62-1.256.623-6.778H9.026L8.822 7.89h8.626l.227-2.211H6.325l.636 6.678h7.82l-.261 2.866-2.52.667-2.52-.667-.158-1.844h-2.27l.329 3.544L12 18.178zM3 2h18l-1.623 18L12 22l-7.377-2L3 2z"
         },
         {
            "id": 3,
            "name": "html",
            "icon": "M12 18.178l4.62-1.256.623-6.778H9.026L8.822 7.89h8.626l.227-2.211H6.325l.636 6.678h7.82l-.261 2.866-2.52.667-2.52-.667-.158-1.844h-2.27l.329 3.544L12 18.178zM3 2h18l-1.623 18L12 22l-7.377-2L3 2z"
         }
      ]
   },
   {
      "type": 3,
      "name": "Back-End",
      "link": "/backend",
      "price": "450 000 so'm",
      "icon": "M3 3h18a1 1 0 0 1 1 1v16a1 1 0 0 1-1 1H3a1 1 0 0 1-1-1V4a1 1 0 0 1 1-1zm1 2v14h16V5H4zm8 10h6v2h-6v-2zm-3.333-3L5.838 9.172l1.415-1.415L11.495 12l-4.242 4.243-1.415-1.415L8.667 12z",
      "description": "FrontEnd разработчик создает видимую для пользователя часть веб-страницы, реализовать пользовательскую логику.пользователя часть веб-страницы, реализовать пользовательскую логику.",
      "frameworks": [
         {
            "id": 1,
            "name": "html",
            "icon": "M12 18.178l4.62-1.256.623-6.778H9.026L8.822 7.89h8.626l.227-2.211H6.325l.636 6.678h7.82l-.261 2.866-2.52.667-2.52-.667-.158-1.844h-2.27l.329 3.544L12 18.178zM3 2h18l-1.623 18L12 22l-7.377-2L3 2z"
         },
         {
            "id": 2,
            "name": "html",
            "icon": "M12 18.178l4.62-1.256.623-6.778H9.026L8.822 7.89h8.626l.227-2.211H6.325l.636 6.678h7.82l-.261 2.866-2.52.667-2.52-.667-.158-1.844h-2.27l.329 3.544L12 18.178zM3 2h18l-1.623 18L12 22l-7.377-2L3 2z"
         },
         {
            "id": 3,
            "name": "html",
            "icon": "M12 18.178l4.62-1.256.623-6.778H9.026L8.822 7.89h8.626l.227-2.211H6.325l.636 6.678h7.82l-.261 2.866-2.52.667-2.52-.667-.158-1.844h-2.27l.329 3.544L12 18.178zM3 2h18l-1.623 18L12 22l-7.377-2L3 2z"
         }
      ]
   },
   {
      "type": 4,
      "name": "Android",
      "link": "/android",
      "price": "450 000 so'm",
      "icon": "M3 3h18a1 1 0 0 1 1 1v16a1 1 0 0 1-1 1H3a1 1 0 0 1-1-1V4a1 1 0 0 1 1-1zm1 2v14h16V5H4zm8 10h6v2h-6v-2zm-3.333-3L5.838 9.172l1.415-1.415L11.495 12l-4.242 4.243-1.415-1.415L8.667 12z",
      "description": "FrontEnd разработчик создает видимую для пользователя часть веб-страницы, реализовать пользовательскую логику.пользователя часть веб-страницы, реализовать пользовательскую логику.",
      "frameworks": [
         {
            "id": 1,
            "name": "html",
            "icon": "M12 18.178l4.62-1.256.623-6.778H9.026L8.822 7.89h8.626l.227-2.211H6.325l.636 6.678h7.82l-.261 2.866-2.52.667-2.52-.667-.158-1.844h-2.27l.329 3.544L12 18.178zM3 2h18l-1.623 18L12 22l-7.377-2L3 2z"
         },
         {
            "id": 2,
            "name": "html",
            "icon": "M12 18.178l4.62-1.256.623-6.778H9.026L8.822 7.89h8.626l.227-2.211H6.325l.636 6.678h7.82l-.261 2.866-2.52.667-2.52-.667-.158-1.844h-2.27l.329 3.544L12 18.178zM3 2h18l-1.623 18L12 22l-7.377-2L3 2z"
         },
         {
            "id": 3,
            "name": "html",
            "icon": "M12 18.178l4.62-1.256.623-6.778H9.026L8.822 7.89h8.626l.227-2.211H6.325l.636 6.678h7.82l-.261 2.866-2.52.667-2.52-.667-.158-1.844h-2.27l.329 3.544L12 18.178zM3 2h18l-1.623 18L12 22l-7.377-2L3 2z"
         }
      ]
   },
   {
      "type": 5,
      "name": "IOS",
      "link": "/ios",
      "price": "500 000 so'm",
      "icon": "M3 3h18a1 1 0 0 1 1 1v16a1 1 0 0 1-1 1H3a1 1 0 0 1-1-1V4a1 1 0 0 1 1-1zm1 2v14h16V5H4zm8 10h6v2h-6v-2zm-3.333-3L5.838 9.172l1.415-1.415L11.495 12l-4.242 4.243-1.415-1.415L8.667 12z",
      "description": "FrontEnd разработчик создает видимую для пользователя часть веб-страницы, реализовать пользовательскую логику.пользователя часть веб-страницы, реализовать пользовательскую логику.",
      "frameworks": [
         {
            "id": 1,
            "name": "html",
            "icon": "M12 18.178l4.62-1.256.623-6.778H9.026L8.822 7.89h8.626l.227-2.211H6.325l.636 6.678h7.82l-.261 2.866-2.52.667-2.52-.667-.158-1.844h-2.27l.329 3.544L12 18.178zM3 2h18l-1.623 18L12 22l-7.377-2L3 2z"
         },
         {
            "id": 2,
            "name": "html",
            "icon": "M12 18.178l4.62-1.256.623-6.778H9.026L8.822 7.89h8.626l.227-2.211H6.325l.636 6.678h7.82l-.261 2.866-2.52.667-2.52-.667-.158-1.844h-2.27l.329 3.544L12 18.178zM3 2h18l-1.623 18L12 22l-7.377-2L3 2z"
         },
         {
            "id": 3,
            "name": "html",
            "icon": "M12 18.178l4.62-1.256.623-6.778H9.026L8.822 7.89h8.626l.227-2.211H6.325l.636 6.678h7.82l-.261 2.866-2.52.667-2.52-.667-.158-1.844h-2.27l.329 3.544L12 18.178zM3 2h18l-1.623 18L12 22l-7.377-2L3 2z"
         }
      ]
   }
]