[
   {
      "id": 1,
      "title": "Question title dolor sit amet consectetur adipisicing elit. Reprehenderit libero ipsum",
      "text": "Lorem ipsum dolor sit amet consectetur adipisicing elit. Reprehenderit libero ipsum a veniam, nostrum fuga laborum autem sunt modi sequi qui distinctio repellendus magnam eum aperiam, dicta quia cumque dolor quibusdam officia quae possimus nisi? Quos sit libero dolorem pariatur repellendus error nostrum, in commodi impedit nihil ratione maxime animi!"
   },
   {
      "id": 2,
      "title": "Question title dolor sit amet consectetur adipisicing elit.",
      "text": "Lorem ipsum dolor sit amet consectetur adipisicing elit. Reprehenderit libero ipsum a veniam, nostrum fuga laborum autem sunt modi sequi qui distinctio repellendus "
   },
   {
      "id": 3,
      "title": "Question title lkdmbfb fbfdblkfd bl",
      "text": "Lorem ipsum dolor sit amet consectetur adipisicing elit.  in commodi impedit nihil ratione maxime animi veniam, nostrum fuga laborum autem sunt modi sequi qui distinctio repellendus magnam eum aperiam, dicta quia cumque dolor quibusdam officia quae possimus nisi?!"
   },
   {
      "id": 4,
      "title": "Question title Question title dolor sit amet consectetur adipisicing elit.",
      "text": "Lorem ipsum dolor sit amet consectetur adipisicing elit. Reprehenderit libero ipsum a veniam, nostrum fuga laborum autem sunt modi sequi qui distinctio repellendus magnam eum aperiam, dicta quia cumque dolor quibusdam officia quae possimus nisi? Quos sit libero dolorem pariatur repellendus error nostrum, in commodi impedit nihil ratione maxime animi! Lorem ipsum dolor sit amet consectetur adipisicing elit. Reprehenderit libero ipsum a veniam, nostrum fuga laborum autem sunt modi sequi qui distinctio repellendus magnam eum aperiam, dicta quia cumque dolor quibusdam officia quae possimus nisi? Quos sit libero dolorem pariatur repellendus magnam eum aperiam, dicta quia cumque dolor quibusdam officia quae possimus nisi? Quos sit libero dolorem pariatur repellendus error nostrum, in commodi impedit nihil ratione maxime animi! Lorem ipsum dolor sit amet consectetur adipisicing elit. Reprehenderit libero ipsum a veniam, nostrum fuga laborum autem sunt modi sequi qui distinctio repellendus magnam eum aperiam, dicta quia cumque dolor quibusdam officia quae possimus nisi? Quos sit libero dolorem pariatur repellendus error nostrum, in commodi impedit nihil ratione maxime animi!"
   },
   {
      "id": 5,
      "title": "Question title",
      "text": "Lorem ipsum dolor sit autem sunt modi sequi qui distinctio repellendus magnam eum aperiam, dicta quia cumque dolor quibusdam officia quae possimus nisi? Quos sit libero dolorem pariatur repellendus error nostrum, in commodi impedit nihil ratione maxime animi! Lorem ipsum dolor sit amet consectetur adipisicing elit. Reprehenderit libero ipsum a veniam, nostrum fuga laborum autem sunt modi sequi qui distinctio repellendus magnam eum aperiam, dicta quia cumque dolor quibusdam officia quae possimus nisi? Quos sit libero dolorem pariatur repellendus error nostrum, in commodi impedit nihil ratione maxime animi!"
   },
   {
      "id": 6,
      "title": "Question title Question title dolor sit",
      "text": "Lorem ipsum dolor sit autem sunt modi sequi qui distinctio repellendus magnam eum aperiam, dicta quia cumque dolor quibusdam officia quae possimus nisi? Quos sit libero dolorem pariatur repellendus error nostrum, in commodi impedit nihil ratione maxime animi! Lorem ipsum dolor sit amet consectetur adipisicing elit. Reprehenderit libero ipsum a veniam, nostrum fuga laborum autem sunt modi sequi qui distinctio repellendus magnam eum aperiam, dicta quia cumque dolor quibusdam officia quae possimus nisi? Quos sit libero dolorem pariatur repellendus error nostrum, in commodi impedit nihil ratione maxime animi!olorem pariatur repel lendus error nostrum, in commodi impedit nihil ratione maxime animi!"
   },
   {
      "id": 7,
      "title": "Question title",
      "text": "Lorem ipsum dolor sit autem sunt modi sequi qui distinctio repellendus magnam eum aperiam, dicta quia cumque dolor quibusdam officia quae possimus nisi? Quos sit libero dolorem pariatur repellendus error nostrum, in commodi impedit nihil ratione maxime animi! Lorem ipsum dolor sit amet consectetur adipisicing elit. Reprehenderit libero ipsum a veniam, nostrum fuga laborum autem sunt modi sequi qui distinctio repellendus magnam eum aperiam, dicta quia cumque dolor quibusdam officia quae possimus nisi? Quos sit libero dolorem pariatur repellendus error nostrum, in commodi impedit nihil ratione maxime animi! amet consectetur adipisicing elit. Reprehenderit libero ipsum a veniam, nostrum fuga laborum autem sunt modi sequi qui distinctio "
   }
]